Model,Combination,VidID,Set,CCC
SFT,A,111_1,Train,0.48834934542890107
SFT,A,111_3,Train,-0.05757064573876506
SFT,A,111_4,Train,-0.06325198675221971
SFT,A,113_2,Train,0.742227425340315
SFT,A,113_3,Train,-0.26249170929118837
SFT,A,113_4,Train,0.39069444763978595
SFT,A,113_5,Train,0.7451053129528628
SFT,A,113_6,Train,-0.15009300725324748
SFT,A,114_1,Train,0.04635366807749073
SFT,A,114_4,Train,-0.05741851666298758
SFT,A,114_5,Train,-0.06382281662939426
SFT,A,114_6,Train,-0.05232502678860967
SFT,A,118_1,Train,0.6146928394270277
SFT,A,118_3,Train,0.7915691289774464
SFT,A,118_4,Train,-0.12385942308149005
SFT,A,118_5,Train,-0.11558153184070918
SFT,A,118_6,Train,-0.07393026989841045
SFT,A,119_2,Train,-0.493735239958836
SFT,A,119_4,Train,0.050522948253269785
SFT,A,119_6,Train,-0.10204911170731482
SFT,A,120_1,Train,0.20263308482682718
SFT,A,120_2,Train,0.30140906819234065
SFT,A,120_3,Train,0.3560240322191207
SFT,A,120_4,Train,-0.038428222623195896
SFT,A,121_1,Train,-0.10887962752031793
SFT,A,121_3,Train,0.47210326593216995
SFT,A,121_5,Train,0.06543600784664247
SFT,A,121_6,Train,-0.08660748528746263
SFT,A,129_1,Train,0.32912846613683394
SFT,A,129_2,Train,0.9033687161852738
SFT,A,129_3,Train,0.29836337813909586
SFT,A,129_4,Train,-0.12728354388201416
SFT,A,129_5,Train,0.433340122446155
SFT,A,129_6,Train,-0.4116906691430906
SFT,A,129_7,Train,-0.0985244161079314
SFT,A,130_1,Train,0.16574496712886932
SFT,A,130_2,Train,0.3272384740664911
SFT,A,130_4,Train,-0.09644509386976625
SFT,A,130_6,Train,-0.11722998106962278
SFT,A,135_3,Train,-0.039974281026080576
SFT,A,141_1,Train,-0.0960162361639457
SFT,A,141_6,Train,-0.21023179697866534
SFT,A,142_1,Train,0.8355646556613896
SFT,A,142_2,Train,0.9753059057591458
SFT,A,142_3,Train,0.11855066637401054
SFT,A,143_3,Train,-0.30239158757296747
SFT,A,143_5,Train,-0.11143138358559566
SFT,A,144_1,Train,-0.09625569278252778
SFT,A,144_3,Train,-0.05521650025766098
SFT,A,147_1,Train,-0.028721490263213093
SFT,A,147_2,Train,0.6465257890464614
SFT,A,147_3,Train,0.12706948014625474
SFT,A,147_4,Train,-0.11423472576645129
SFT,A,147_5,Train,-0.07429842387181486
SFT,A,151_2,Train,0.7667119718768195
SFT,A,151_6,Train,-0.17982012084585527
SFT,A,153_1,Train,0.9193383048228632
SFT,A,153_2,Train,0.018593616211648598
SFT,A,153_3,Train,0.9699280045026715
SFT,A,153_4,Train,0.5276109041977045
SFT,A,153_5,Train,0.07836211790254508
SFT,A,153_6,Train,-0.12551851700797542
SFT,A,156_1,Train,-0.05597600708196355
SFT,A,156_2,Train,0.4344253481094729
SFT,A,156_3,Train,0.5190211551747593
SFT,A,156_6,Train,0.20937189105393889
SFT,A,162_2,Train,-0.30358401212234276
SFT,A,162_3,Train,-0.08184381137979847
SFT,A,162_4,Train,-0.0012418412421391447
SFT,A,162_5,Train,0.6436227236986527
SFT,A,162_6,Train,0.14679976113599455
SFT,A,163_1,Train,0.1616193394098661
SFT,A,163_2,Train,0.8910081682109423
SFT,A,163_5,Train,0.2387440530579749
SFT,A,164_3,Train,0.36663630574973105
SFT,A,164_4,Train,0.041025398203641074
SFT,A,164_5,Train,-0.024935309811477943
SFT,A,167_1,Train,0.5360444523405199
SFT,A,167_2,Train,0.9004895068775822
SFT,A,169_2,Train,-0.23374989918636516
SFT,A,169_4,Train,-0.1819289040011924
SFT,A,171_1,Train,0.0047764828407389675
SFT,A,171_2,Train,0.7193091077554152
SFT,A,171_3,Train,0.03757545044678212
SFT,A,171_4,Train,0.497572282415893
SFT,A,171_5,Train,0.019034356678680833
SFT,A,171_6,Train,0.8212547008746635
SFT,A,172_1,Train,-0.12997725425441073
SFT,A,172_2,Train,0.006824221078696919
SFT,A,172_3,Train,-0.12742421370199672
SFT,A,172_4,Train,0.7777444004338406
SFT,A,172_5,Train,0.5673876394553523
SFT,A,174_1,Train,-0.12019561683861629
SFT,A,174_2,Train,-0.020478124767148876
SFT,A,174_3,Train,-0.06336719302598652
SFT,A,174_5,Train,0.23539637626674514
SFT,A,174_6,Train,0.8164517944854592
SFT,A,174_7,Train,-0.10088293421288726
SFT,A,178_1,Train,0.5304580800145853
SFT,A,178_2,Train,0.5343357264194892
SFT,A,178_4,Train,-0.05127690862623639
SFT,A,178_5,Train,-0.03732441802161472
SFT,A,178_6,Train,-0.09544857191553109
SFT,A,179_1,Train,0.13094211180206114
SFT,A,179_3,Train,-0.09395518524132601
SFT,A,179_4,Train,0.7057715600242923
SFT,A,179_5,Train,0.8692030642178634
SFT,A,179_6,Train,0.48920191816495484
SFT,A,180_1,Train,0.7001024281765325
SFT,A,180_2,Train,0.3771008130182117
SFT,A,180_3,Train,-0.15562508594977234
SFT,A,180_4,Train,0.16278037159548533
SFT,A,180_5,Train,-0.05369468770093958
SFT,A,180_6,Train,-0.009966801039864194
SFT,A,115_2,Valid,0.3187598050885652
SFT,A,115_3,Valid,0.1823606342206011
SFT,A,115_5,Valid,0.4922453998809053
SFT,A,115_6,Valid,0.13806340133798697
SFT,A,117_1,Valid,-0.0765625656170431
SFT,A,117_2,Valid,-0.09199670401284152
SFT,A,117_3,Valid,-0.04099406727439783
SFT,A,117_4,Valid,-0.3956647654837314
SFT,A,117_5,Valid,0.7244715502409402
SFT,A,117_6,Valid,0.6525190557383617
SFT,A,124_1,Valid,0.1915591509908686
SFT,A,124_2,Valid,0.1761801233889127
SFT,A,124_3,Valid,-0.020665932671868552
SFT,A,124_6,Valid,-0.14997271500729434
SFT,A,128_2,Valid,0.8608796989381006
SFT,A,128_5,Valid,-0.14226573177558416
SFT,A,128_6,Valid,-0.27432801888358505
SFT,A,131_1,Valid,-0.01955920366736214
SFT,A,131_2,Valid,0.7513031563395265
SFT,A,131_3,Valid,-0.055115102336209136
SFT,A,131_5,Valid,-0.10796585325590806
SFT,A,131_6,Valid,-0.08690593209069791
SFT,A,137_1,Valid,0.6785204812484056
SFT,A,137_2,Valid,0.6740884980618946
SFT,A,137_4,Valid,-0.2966100985894629
SFT,A,137_5,Valid,0.04214568568886881
SFT,A,137_6,Valid,-0.045646821464274234
SFT,A,149_3,Valid,-0.18141368074374734
SFT,A,149_6,Valid,0.5256270201227337
SFT,A,170_2,Valid,0.7105906217754181
SFT,A,170_7,Valid,-0.10556812721267625
SFT,A,173_1,Valid,-0.062033985769607496
SFT,A,173_3,Valid,-0.148542992050031
SFT,A,173_4,Valid,0.05165815456305943
SFT,A,173_6,Valid,-0.13652198289669565
SFT,A,181_1,Valid,-0.12311996897386736
SFT,A,181_2,Valid,0.32252242330134506
SFT,A,181_3,Valid,0.08178024842910109
SFT,A,181_4,Valid,0.29996948047424626
SFT,A,181_6,Valid,0.5705302442071076
SFT,A,112_1,Test,0.9390820199119881
SFT,A,112_2,Test,0.01457149583801818
SFT,A,112_3,Test,-0.2282870131450265
SFT,A,116_1,Test,-0.4143723134744496
SFT,A,116_2,Test,0.7580734178056016
SFT,A,116_3,Test,-0.2733640359013275
SFT,A,116_4,Test,0.535384197265783
SFT,A,116_5,Test,-0.024574329589707816
SFT,A,116_6,Test,-0.5544373365958734
SFT,A,123_1,Test,0.045887677429988574
SFT,A,123_2,Test,-0.09023496277058116
SFT,A,123_3,Test,0.4638748745018409
SFT,A,123_4,Test,-0.048972459525050326
SFT,A,123_5,Test,-0.07763153157094206
SFT,A,127_2,Test,-0.038895997153347295
SFT,A,127_3,Test,0.3015935046249129
SFT,A,127_4,Test,0.7346818638954112
SFT,A,127_5,Test,-0.08971601567639066
SFT,A,127_6,Test,-0.06100293130491408
SFT,A,134_1,Test,0.7875990592248714
SFT,A,134_3,Test,0.2873399670514226
SFT,A,145_1,Test,-0.06053047115047615
SFT,A,145_2,Test,-0.07847450171579178
SFT,A,145_3,Test,-0.022457282185135145
SFT,A,145_4,Test,0.7972012195509602
SFT,A,154_1,Test,-0.233505949142076
SFT,A,154_4,Test,-0.2990542769861701
SFT,A,154_6,Test,-0.17555465418892538
SFT,A,161_1,Test,-0.06386172678214293
SFT,A,161_3,Test,-0.055842814416643204
SFT,A,161_4,Test,0.8309220270165066
SFT,A,165_1,Test,0.053662595505942545
SFT,A,165_2,Test,0.41916288513503985
SFT,A,165_3,Test,-0.12004154904218364
SFT,A,165_4,Test,-0.04079265564890109
SFT,A,165_5,Test,-0.132025896112626
SFT,A,165_6,Test,0.6719103840023255
SFT,A,165_7,Test,0.69686745724355
SFT,A,168_1,Test,-0.08879655604832434
SFT,AL,111_1,Train,0.13810101472066114
SFT,AL,111_3,Train,-0.013947190482403355
SFT,AL,111_4,Train,-0.035450452999856684
SFT,AL,113_2,Train,0.38832689405370313
SFT,AL,113_3,Train,-0.07578373352288699
SFT,AL,113_4,Train,0.07014551289804026
SFT,AL,113_5,Train,0.5858751654493898
SFT,AL,113_6,Train,-0.0343000669201101
SFT,AL,114_1,Train,-0.010897547496249113
SFT,AL,114_4,Train,-0.009697457870867527
SFT,AL,114_5,Train,-0.008534962875652941
SFT,AL,114_6,Train,-0.011460193422286298
SFT,AL,118_1,Train,0.2264675876826687
SFT,AL,118_3,Train,0.16329363113711912
SFT,AL,118_4,Train,-0.01093259685992828
SFT,AL,118_5,Train,-0.0491655642083774
SFT,AL,118_6,Train,-0.013666933753725642
SFT,AL,119_2,Train,-0.007830121824019657
SFT,AL,119_4,Train,0.10270312127973376
SFT,AL,119_6,Train,0.003590808091495589
SFT,AL,120_1,Train,0.02969313027362228
SFT,AL,120_2,Train,0.061015927340168495
SFT,AL,120_3,Train,0.1508672139477585
SFT,AL,120_4,Train,-0.014265476321123037
SFT,AL,121_1,Train,-0.02314382390785719
SFT,AL,121_3,Train,0.025646725577433884
SFT,AL,121_5,Train,-0.018685957855015613
SFT,AL,121_6,Train,-0.23003025824546572
SFT,AL,129_1,Train,0.1595364184795217
SFT,AL,129_2,Train,0.4534008494363063
SFT,AL,129_3,Train,0.04666306086748648
SFT,AL,129_4,Train,-0.09056396558322735
SFT,AL,129_5,Train,-0.04304367977133062
SFT,AL,129_6,Train,-0.004747757634625448
SFT,AL,129_7,Train,-0.021547041026213253
SFT,AL,130_1,Train,0.49961972871588495
SFT,AL,130_2,Train,0.18828277809659905
SFT,AL,130_4,Train,0.4730354048418249
SFT,AL,130_6,Train,-0.07062980036897847
SFT,AL,135_3,Train,-0.010534718341975146
SFT,AL,141_1,Train,-0.04936916649313585
SFT,AL,141_6,Train,-0.05918626848852321
SFT,AL,142_1,Train,0.39658586724866096
SFT,AL,142_2,Train,0.6230864571364817
SFT,AL,142_3,Train,-0.10849150819756026
SFT,AL,143_3,Train,-0.03555812579604855
SFT,AL,143_5,Train,-0.029390240109909087
SFT,AL,144_1,Train,-0.021149980513969317
SFT,AL,144_3,Train,-0.017832893595489924
SFT,AL,147_1,Train,-0.025318083900654747
SFT,AL,147_2,Train,0.01216172361758666
SFT,AL,147_3,Train,0.11302222151982262
SFT,AL,147_4,Train,-0.061584949990315795
SFT,AL,147_5,Train,-0.009353541181983392
SFT,AL,151_2,Train,0.31718354190218406
SFT,AL,151_6,Train,-0.0241536922937353
SFT,AL,153_1,Train,0.5044082745997962
SFT,AL,153_2,Train,-0.011157653323417034
SFT,AL,153_3,Train,0.5958201970834057
SFT,AL,153_4,Train,0.26282580272834394
SFT,AL,153_5,Train,0.1515783846942326
SFT,AL,153_6,Train,-0.05339990772938344
SFT,AL,156_1,Train,0.4637075232968171
SFT,AL,156_2,Train,0.7411149152691494
SFT,AL,156_3,Train,0.15068684296384635
SFT,AL,156_6,Train,0.1687151894422122
SFT,AL,162_2,Train,-0.06893563757592437
SFT,AL,162_3,Train,-0.04980982984100337
SFT,AL,162_4,Train,-0.023464373106495306
SFT,AL,162_5,Train,0.3902559020072328
SFT,AL,162_6,Train,0.5162855444725725
SFT,AL,163_1,Train,-0.0068050367781793365
SFT,AL,163_2,Train,0.5420311426147467
SFT,AL,163_5,Train,0.04765041527616104
SFT,AL,164_3,Train,0.24160021976339974
SFT,AL,164_4,Train,-0.00853297063027646
SFT,AL,164_5,Train,0.08191371569340421
SFT,AL,167_1,Train,0.042618863454806866
SFT,AL,167_2,Train,0.08473794281061585
SFT,AL,169_2,Train,0.11989968815323064
SFT,AL,169_4,Train,-0.041654639786245354
SFT,AL,171_1,Train,-0.011715732138299377
SFT,AL,171_2,Train,0.18500544622903872
SFT,AL,171_3,Train,0.027356126948676004
SFT,AL,171_4,Train,0.086462431086064
SFT,AL,171_5,Train,0.3054281668721557
SFT,AL,171_6,Train,-0.023855482281427316
SFT,AL,172_1,Train,-0.01460330294572255
SFT,AL,172_2,Train,0.017543490521658257
SFT,AL,172_3,Train,-0.021752505601982622
SFT,AL,172_4,Train,0.4383863029091954
SFT,AL,172_5,Train,0.08819788990291645
SFT,AL,174_1,Train,-0.045813957434853086
SFT,AL,174_2,Train,0.02000890962428585
SFT,AL,174_3,Train,-0.010948728463798525
SFT,AL,174_5,Train,0.381415993170626
SFT,AL,174_6,Train,0.3794893273136081
SFT,AL,174_7,Train,-0.02177302960749474
SFT,AL,178_1,Train,0.0820724524868757
SFT,AL,178_2,Train,-0.025968856469948554
SFT,AL,178_4,Train,-0.02019383319724602
SFT,AL,178_5,Train,0.08262269768090338
SFT,AL,178_6,Train,-0.03659861817765154
SFT,AL,179_1,Train,-0.00872005799760755
SFT,AL,179_3,Train,0.12197609787026531
SFT,AL,179_4,Train,0.16037297016457538
SFT,AL,179_5,Train,0.4569757167633068
SFT,AL,179_6,Train,0.2623667295738192
SFT,AL,180_1,Train,0.4827592330689039
SFT,AL,180_2,Train,0.16475188721475836
SFT,AL,180_3,Train,-0.02609252430191219
SFT,AL,180_4,Train,0.10645384659298236
SFT,AL,180_5,Train,-0.025452229939812568
SFT,AL,180_6,Train,-0.005529692432645855
SFT,AL,115_2,Valid,0.026968471748478794
SFT,AL,115_3,Valid,-0.013925633046208282
SFT,AL,115_5,Valid,0.5322284161304277
SFT,AL,115_6,Valid,0.03942223329631627
SFT,AL,117_1,Valid,-0.021701034844951183
SFT,AL,117_2,Valid,-0.01398615647490855
SFT,AL,117_3,Valid,-0.012980765124352249
SFT,AL,117_4,Valid,0.03426861169370679
SFT,AL,117_5,Valid,0.5641565079343779
SFT,AL,117_6,Valid,0.0849650296348
SFT,AL,124_1,Valid,0.03483135223048265
SFT,AL,124_2,Valid,-0.006863724820147302
SFT,AL,124_3,Valid,-0.04308057565991684
SFT,AL,124_6,Valid,-0.04499441337652174
SFT,AL,128_2,Valid,0.22749054509483904
SFT,AL,128_5,Valid,-0.007353920228447331
SFT,AL,128_6,Valid,-0.016118128587133972
SFT,AL,131_1,Valid,-0.007150453277990309
SFT,AL,131_2,Valid,0.28731112076303517
SFT,AL,131_3,Valid,-0.015960650003142084
SFT,AL,131_5,Valid,-0.04670522928305095
SFT,AL,131_6,Valid,0.34370335515920514
SFT,AL,137_1,Valid,0.4737693670369611
SFT,AL,137_2,Valid,0.34830337137075124
SFT,AL,137_4,Valid,-0.019761973256439257
SFT,AL,137_5,Valid,0.009453883916295267
SFT,AL,137_6,Valid,-0.011060677072221815
SFT,AL,149_3,Valid,-0.014560450318140619
SFT,AL,149_6,Valid,0.10387017146273764
SFT,AL,170_2,Valid,-0.020613461044689963
SFT,AL,170_7,Valid,-5.905321757102356e-05
SFT,AL,173_1,Valid,-0.023402394734019397
SFT,AL,173_3,Valid,-0.06061493477246428
SFT,AL,173_4,Valid,-0.18423043451205998
SFT,AL,173_6,Valid,-0.0274465763426131
SFT,AL,181_1,Valid,-0.005412195679011069
SFT,AL,181_2,Valid,0.6701948152708733
SFT,AL,181_3,Valid,-0.02090472416035595
SFT,AL,181_4,Valid,0.06429579570271257
SFT,AL,181_6,Valid,0.03201831427062232
SFT,AL,112_1,Test,0.6811507782058116
SFT,AL,112_2,Test,0.010811355105660175
SFT,AL,112_3,Test,-0.04354269546863894
SFT,AL,116_1,Test,-0.004730112363020495
SFT,AL,116_2,Test,0.14052917475705867
SFT,AL,116_3,Test,-0.027074909086892637
SFT,AL,116_4,Test,-0.08940882248839999
SFT,AL,116_5,Test,-0.048489639791087655
SFT,AL,116_6,Test,-0.009775280045044901
SFT,AL,123_1,Test,-0.0029874149505804666
SFT,AL,123_2,Test,-0.017295313184337944
SFT,AL,123_3,Test,-0.03660485832170368
SFT,AL,123_4,Test,-0.018374842334649113
SFT,AL,123_5,Test,0.5551410578829964
SFT,AL,127_2,Test,-0.019014897122454244
SFT,AL,127_3,Test,0.020243716469436526
SFT,AL,127_4,Test,0.14225475922303202
SFT,AL,127_5,Test,-0.00015170224866534128
SFT,AL,127_6,Test,-0.00398078527825828
SFT,AL,134_1,Test,0.21514448115555376
SFT,AL,134_3,Test,0.6687930998136945
SFT,AL,145_1,Test,-0.023461333585411064
SFT,AL,145_2,Test,-0.06454978338702898
SFT,AL,145_3,Test,-0.007222748300245954
SFT,AL,145_4,Test,0.354329071382775
SFT,AL,154_1,Test,-0.042331980391014726
SFT,AL,154_4,Test,-0.15336133427990362
SFT,AL,154_6,Test,-0.12060984886809495
SFT,AL,161_1,Test,-0.006619573830057352
SFT,AL,161_3,Test,-0.018826232911260433
SFT,AL,161_4,Test,0.05246796732526712
SFT,AL,165_1,Test,0.43881091275571676
SFT,AL,165_2,Test,0.14490424510777017
SFT,AL,165_3,Test,-0.04418091562067544
SFT,AL,165_4,Test,-0.004001513556824628
SFT,AL,165_5,Test,0.010744684488671967
SFT,AL,165_6,Test,0.2121670312141663
SFT,AL,165_7,Test,0.2389168396473236
SFT,AL,168_1,Test,-0.016294242245986527
SFT,L,111_1,Train,0.7310770930959812
SFT,L,111_3,Train,0.5290466079239644
SFT,L,111_4,Train,0.5445511532778446
SFT,L,113_2,Train,0.6685772003026071
SFT,L,113_3,Train,0.5366120137270973
SFT,L,113_4,Train,0.7693403323395762
SFT,L,113_5,Train,0.7498504439551912
SFT,L,113_6,Train,0.8545186374818472
SFT,L,114_1,Train,0.6471738908341365
SFT,L,114_4,Train,0.45568718856702417
SFT,L,114_5,Train,0.9210075293558505
SFT,L,114_6,Train,0.8106455485325077
SFT,L,118_1,Train,0.5889523269430268
SFT,L,118_3,Train,0.4451466646766333
SFT,L,118_4,Train,0.6674984011039555
SFT,L,118_5,Train,0.7426307130101493
SFT,L,118_6,Train,0.8503489410321269
SFT,L,119_2,Train,-0.031510487464087085
SFT,L,119_4,Train,-0.2908058703303797
SFT,L,119_6,Train,0.7757809711478645
SFT,L,120_1,Train,0.08299044301471238
SFT,L,120_2,Train,0.635967975593969
SFT,L,120_3,Train,0.8129304447757281
SFT,L,120_4,Train,0.6169525413793082
SFT,L,121_1,Train,0.7044223414436258
SFT,L,121_3,Train,0.5170276309671948
SFT,L,121_5,Train,0.6890497715989188
SFT,L,121_6,Train,0.5318170793000205
SFT,L,129_1,Train,0.26264153686603803
SFT,L,129_2,Train,0.696841266531053
SFT,L,129_3,Train,0.7467651877592604
SFT,L,129_4,Train,0.7085883537476853
SFT,L,129_5,Train,0.9691256819663219
SFT,L,129_6,Train,0.7223858327495079
SFT,L,129_7,Train,0.526789860380819
SFT,L,130_1,Train,0.45553809650676064
SFT,L,130_2,Train,0.5723522166107817
SFT,L,130_4,Train,0.6470821839791889
SFT,L,130_6,Train,-0.13556775865931556
SFT,L,135_3,Train,0.8597253717438402
SFT,L,141_1,Train,0.8523527791804686
SFT,L,141_6,Train,-0.029223632099898394
SFT,L,142_1,Train,0.10415045622573094
SFT,L,142_2,Train,0.1602760255238487
SFT,L,142_3,Train,0.7913817582011508
SFT,L,143_3,Train,0.773618914041249
SFT,L,143_5,Train,0.9080977952904618
SFT,L,144_1,Train,0.71454095234319
SFT,L,144_3,Train,0.41997605711952757
SFT,L,147_1,Train,0.22876244418751335
SFT,L,147_2,Train,0.5364294214853272
SFT,L,147_3,Train,0.5122478146346262
SFT,L,147_4,Train,0.7493711792867523
SFT,L,147_5,Train,0.5231169697561178
SFT,L,151_2,Train,0.15494785449270151
SFT,L,151_6,Train,0.7306272307810024
SFT,L,153_1,Train,0.11402793962574202
SFT,L,153_2,Train,0.2930517690608516
SFT,L,153_3,Train,0.19057382955196572
SFT,L,153_4,Train,0.6377044091016297
SFT,L,153_5,Train,0.6980030628837826
SFT,L,153_6,Train,0.7806095762863697
SFT,L,156_1,Train,0.5232199330817188
SFT,L,156_2,Train,0.5990481287402749
SFT,L,156_3,Train,0.6266695747219833
SFT,L,156_6,Train,0.26480649617961555
SFT,L,162_2,Train,0.7085918222585315
SFT,L,162_3,Train,0.4110685167100276
SFT,L,162_4,Train,0.21605066222274352
SFT,L,162_5,Train,0.8992743100680765
SFT,L,162_6,Train,0.8337963658469352
SFT,L,163_1,Train,-0.19359653888091802
SFT,L,163_2,Train,0.8962389318235748
SFT,L,163_5,Train,0.8325588207409536
SFT,L,164_3,Train,0.13466407557428392
SFT,L,164_4,Train,0.5083729468910436
SFT,L,164_5,Train,0.30203416639860275
SFT,L,167_1,Train,0.503877455225349
SFT,L,167_2,Train,0.7354583604028218
SFT,L,169_2,Train,0.500391467034302
SFT,L,169_4,Train,0.7599445638281387
SFT,L,171_1,Train,0.8808290316235662
SFT,L,171_2,Train,0.5701773801742224
SFT,L,171_3,Train,0.3895323478117503
SFT,L,171_4,Train,0.8602723907068162
SFT,L,171_5,Train,0.6544766571509386
SFT,L,171_6,Train,0.7893374506712025
SFT,L,172_1,Train,0.6972640905585556
SFT,L,172_2,Train,0.60355573526995
SFT,L,172_3,Train,0.6923694130372311
SFT,L,172_4,Train,0.6738053764690198
SFT,L,172_5,Train,0.6383787533473743
SFT,L,174_1,Train,0.7704923857627508
SFT,L,174_2,Train,0.09516418843949624
SFT,L,174_3,Train,0.90637889251956
SFT,L,174_5,Train,0.9248722959084893
SFT,L,174_6,Train,0.8064042092709043
SFT,L,174_7,Train,0.4249263735981645
SFT,L,178_1,Train,0.7949024099478275
SFT,L,178_2,Train,0.5722647564051491
SFT,L,178_4,Train,0.7438078783730637
SFT,L,178_5,Train,0.5158063666730408
SFT,L,178_6,Train,0.27155995390178256
SFT,L,179_1,Train,0.8954446659212925
SFT,L,179_3,Train,0.6828487972229454
SFT,L,179_4,Train,0.7958760567474573
SFT,L,179_5,Train,0.795206855375705
SFT,L,179_6,Train,0.8390110796161406
SFT,L,180_1,Train,0.47689979306403635
SFT,L,180_2,Train,0.4475425234217663
SFT,L,180_3,Train,0.8838095239326095
SFT,L,180_4,Train,0.10484684765358514
SFT,L,180_5,Train,0.9189229701246369
SFT,L,180_6,Train,0.7023453781816738
SFT,L,115_2,Valid,-0.08350596061361858
SFT,L,115_3,Valid,-0.04519081233318435
SFT,L,115_5,Valid,-0.29092398662879115
SFT,L,115_6,Valid,-0.2981489095601859
SFT,L,117_1,Valid,0.8380781423554542
SFT,L,117_2,Valid,0.8223583046300318
SFT,L,117_3,Valid,0.17624651504167715
SFT,L,117_4,Valid,0.6282986879006867
SFT,L,117_5,Valid,0.27694921902923464
SFT,L,117_6,Valid,0.6642584281088363
SFT,L,124_1,Valid,0.6454859952841443
SFT,L,124_2,Valid,0.16962274036218097
SFT,L,124_3,Valid,0.7580704997725166
SFT,L,124_6,Valid,0.18739814989699244
SFT,L,128_2,Valid,0.10737124852776524
SFT,L,128_5,Valid,0.7982848650785243
SFT,L,128_6,Valid,-0.12801969914094363
SFT,L,131_1,Valid,0.45287009590317695
SFT,L,131_2,Valid,-0.0381638093915237
SFT,L,131_3,Valid,0.337239398816663
SFT,L,131_5,Valid,0.6595043385507399
SFT,L,131_6,Valid,0.07392897616947991
SFT,L,137_1,Valid,-0.09193617346522893
SFT,L,137_2,Valid,0.8181963802450796
SFT,L,137_4,Valid,0.5039611765272778
SFT,L,137_5,Valid,0.263232962207856
SFT,L,137_6,Valid,0.26186530798578034
SFT,L,149_3,Valid,0.7719267229239937
SFT,L,149_6,Valid,0.5782728130759502
SFT,L,170_2,Valid,0.034634340418346586
SFT,L,170_7,Valid,-0.08565275519295884
SFT,L,173_1,Valid,-0.045175213833580176
SFT,L,173_3,Valid,0.8392526084899135
SFT,L,173_4,Valid,0.046989094630411996
SFT,L,173_6,Valid,0.5931922732966136
SFT,L,181_1,Valid,0.03913874598542494
SFT,L,181_2,Valid,0.896727219222862
SFT,L,181_3,Valid,0.7930454246799111
SFT,L,181_4,Valid,0.798302790113749
SFT,L,181_6,Valid,-0.12393017145106998
SFT,L,112_1,Test,0.31386207847260555
SFT,L,112_2,Test,0.7521179362764125
SFT,L,112_3,Test,0.868015404286699
SFT,L,116_1,Test,-0.19030369690403415
SFT,L,116_2,Test,0.489617156802666
SFT,L,116_3,Test,-0.021463273182622773
SFT,L,116_4,Test,0.4575180671766335
SFT,L,116_5,Test,0.32684704231739165
SFT,L,116_6,Test,0.7655293461132587
SFT,L,123_1,Test,0.3100507701390883
SFT,L,123_2,Test,0.7355073504971759
SFT,L,123_3,Test,-0.05009890975169456
SFT,L,123_4,Test,0.722494018300781
SFT,L,123_5,Test,0.5050494215489015
SFT,L,127_2,Test,0.6576646655907731
SFT,L,127_3,Test,-0.35707191549812917
SFT,L,127_4,Test,0.1951399388277598
SFT,L,127_5,Test,0.2630370595739772
SFT,L,127_6,Test,0.9287285323866386
SFT,L,134_1,Test,-0.07291432068873804
SFT,L,134_3,Test,-0.0867641426129293
SFT,L,145_1,Test,0.30355699256866553
SFT,L,145_2,Test,0.46857143148649205
SFT,L,145_3,Test,-0.018684972771220793
SFT,L,145_4,Test,0.5586889797915682
SFT,L,154_1,Test,-0.1079396590103125
SFT,L,154_4,Test,0.3803385433808687
SFT,L,154_6,Test,0.503058364752209
SFT,L,161_1,Test,0.3776015379309962
SFT,L,161_3,Test,0.47348368212910974
SFT,L,161_4,Test,-0.004286316580345354
SFT,L,165_1,Test,0.14205987648870472
SFT,L,165_2,Test,0.6322669856385359
SFT,L,165_3,Test,-0.12632877337334938
SFT,L,165_4,Test,0.3284806534163849
SFT,L,165_5,Test,0.26798448744297154
SFT,L,165_6,Test,0.14127509901047292
SFT,L,165_7,Test,0.4743936581435212
SFT,L,168_1,Test,0.8875331933446065
SFT,V,111_1,Train,0.9086707227566067
SFT,V,111_3,Train,-0.08286016605710937
SFT,V,111_4,Train,-0.2280385061698769
SFT,V,113_2,Train,0.7755428732097552
SFT,V,113_3,Train,-0.09000923036476574
SFT,V,113_4,Train,0.04929194782146553
SFT,V,113_5,Train,0.5084914786134443
SFT,V,113_6,Train,-0.07792247091290559
SFT,V,114_1,Train,-0.011787910309801187
SFT,V,114_4,Train,-0.04974950391140436
SFT,V,114_5,Train,-0.015583376087751732
SFT,V,114_6,Train,-0.044691945497597155
SFT,V,118_1,Train,-0.1088732193899467
SFT,V,118_3,Train,0.11301109929827753
SFT,V,118_4,Train,0.13185814503725246
SFT,V,118_5,Train,-0.024532649158750332
SFT,V,118_6,Train,-0.05050914285505865
SFT,V,119_2,Train,-0.09821914988152465
SFT,V,119_4,Train,-0.012452371665656712
SFT,V,119_6,Train,-0.0006115732073187878
SFT,V,120_1,Train,0.21013738387887465
SFT,V,120_2,Train,0.42875664103990757
SFT,V,120_3,Train,0.7838890298028575
SFT,V,120_4,Train,-0.02664383700511539
SFT,V,121_1,Train,-0.12579586382390096
SFT,V,121_3,Train,0.07794876663744686
SFT,V,121_5,Train,-0.024938974482502072
SFT,V,121_6,Train,-0.29729281195994756
SFT,V,129_1,Train,0.3371914737299418
SFT,V,129_2,Train,0.9191306304683989
SFT,V,129_3,Train,0.6977649435466589
SFT,V,129_4,Train,-0.09751435061630541
SFT,V,129_5,Train,-0.1084575072343402
SFT,V,129_6,Train,-0.10134507042591323
SFT,V,129_7,Train,-0.056663745533202144
SFT,V,130_1,Train,-0.039305391195235656
SFT,V,130_2,Train,0.4967576325749067
SFT,V,130_4,Train,-0.02311080096175237
SFT,V,130_6,Train,-0.04055175030938256
SFT,V,135_3,Train,0.0043159765209407125
SFT,V,141_1,Train,0.7302950610245946
SFT,V,141_6,Train,0.26113690608077494
SFT,V,142_1,Train,0.8193111599517791
SFT,V,142_2,Train,0.7895852760608751
SFT,V,142_3,Train,-0.07688435011864994
SFT,V,143_3,Train,-0.059518042083274464
SFT,V,143_5,Train,-0.05312188463335411
SFT,V,144_1,Train,0.0017860970709673075
SFT,V,144_3,Train,0.03207189342459265
SFT,V,147_1,Train,-0.11082997851162592
SFT,V,147_2,Train,-0.045975496793341834
SFT,V,147_3,Train,0.13145472679883788
SFT,V,147_4,Train,-0.19339770582255789
SFT,V,147_5,Train,-0.05188128643629151
SFT,V,151_2,Train,0.04347728480529298
SFT,V,151_6,Train,0.04924124533032745
SFT,V,153_1,Train,-0.035886281149929915
SFT,V,153_2,Train,0.030821179133561957
SFT,V,153_3,Train,-0.029589714227768012
SFT,V,153_4,Train,-0.027545095792047412
SFT,V,153_5,Train,0.015362325804718401
SFT,V,153_6,Train,0.16232457553417423
SFT,V,156_1,Train,0.7130506950450294
SFT,V,156_2,Train,0.548266443941094
SFT,V,156_3,Train,-0.058070607951585314
SFT,V,156_6,Train,0.29461279931723533
SFT,V,162_2,Train,0.6582327694469972
SFT,V,162_3,Train,0.10354036325464823
SFT,V,162_4,Train,-0.04421845715388568
SFT,V,162_5,Train,0.024050338770963728
SFT,V,162_6,Train,-0.09244068527403794
SFT,V,163_1,Train,0.09834689309779222
SFT,V,163_2,Train,0.6048898147271318
SFT,V,163_5,Train,0.6908731677155705
SFT,V,164_3,Train,0.6031661788516833
SFT,V,164_4,Train,-0.0472648103033956
SFT,V,164_5,Train,0.012139461077020998
SFT,V,167_1,Train,0.40695516457358766
SFT,V,167_2,Train,-0.05649204296379427
SFT,V,169_2,Train,-0.34826321203346833
SFT,V,169_4,Train,-0.2267618915412932
SFT,V,171_1,Train,-0.03008173414239658
SFT,V,171_2,Train,0.5948218547528925
SFT,V,171_3,Train,-0.028589073328454017
SFT,V,171_4,Train,0.48460390449010676
SFT,V,171_5,Train,-0.09763909830681188
SFT,V,171_6,Train,0.4814619543328002
SFT,V,172_1,Train,-0.0019197854980113976
SFT,V,172_2,Train,0.054430158592906216
SFT,V,172_3,Train,-0.032006663826694495
SFT,V,172_4,Train,0.9117343504365838
SFT,V,172_5,Train,0.37344943877215886
SFT,V,174_1,Train,0.3204403225727233
SFT,V,174_2,Train,-0.07181586245829812
SFT,V,174_3,Train,0.07078926754350236
SFT,V,174_5,Train,-0.08386008548782006
SFT,V,174_6,Train,0.7003655814272463
SFT,V,174_7,Train,0.09144225313813951
SFT,V,178_1,Train,0.1806069179162867
SFT,V,178_2,Train,0.007601507687046268
SFT,V,178_4,Train,0.1298066016918949
SFT,V,178_5,Train,0.1640401831081041
SFT,V,178_6,Train,-0.030783408866223497
SFT,V,179_1,Train,-0.12503373696044623
SFT,V,179_3,Train,-0.0733453567900659
SFT,V,179_4,Train,0.7324535036140155
SFT,V,179_5,Train,0.6638843709949843
SFT,V,179_6,Train,0.2609722407057072
SFT,V,180_1,Train,0.4041415102185135
SFT,V,180_2,Train,0.22208065253604808
SFT,V,180_3,Train,0.06233252820812821
SFT,V,180_4,Train,-0.0901288876813954
SFT,V,180_5,Train,-0.023061199536092043
SFT,V,180_6,Train,0.09848187212664947
SFT,V,115_2,Valid,0.21296650950958013
SFT,V,115_3,Valid,0.5437258017571059
SFT,V,115_5,Valid,0.28627895860974756
SFT,V,115_6,Valid,0.04726440019674347
SFT,V,117_1,Valid,-0.034513449739080077
SFT,V,117_2,Valid,-0.09345074350006598
SFT,V,117_3,Valid,-0.10654313689051635
SFT,V,117_4,Valid,0.1217743797403321
SFT,V,117_5,Valid,0.7778695127307687
SFT,V,117_6,Valid,0.48816831128401544
SFT,V,124_1,Valid,0.03356662144789203
SFT,V,124_2,Valid,-0.02445362109378801
SFT,V,124_3,Valid,0.10279727471678815
SFT,V,124_6,Valid,-0.04456285032062711
SFT,V,128_2,Valid,0.6371953680163606
SFT,V,128_5,Valid,0.008711196384885902
SFT,V,128_6,Valid,-0.061450589990870275
SFT,V,131_1,Valid,0.07234294095930771
SFT,V,131_2,Valid,-0.028683304641114196
SFT,V,131_3,Valid,0.0764829727651157
SFT,V,131_5,Valid,0.057187265959381554
SFT,V,131_6,Valid,-0.024504239023461574
SFT,V,137_1,Valid,0.4054249440385401
SFT,V,137_2,Valid,0.579825079502493
SFT,V,137_4,Valid,0.2590634851477873
SFT,V,137_5,Valid,0.04441853610074419
SFT,V,137_6,Valid,-0.031127344013540136
SFT,V,149_3,Valid,0.021271773618453626
SFT,V,149_6,Valid,-0.008284870706926895
SFT,V,170_2,Valid,0.02055059044457648
SFT,V,170_7,Valid,-0.025063684712532355
SFT,V,173_1,Valid,-0.03875473936695453
SFT,V,173_3,Valid,-0.06275066538390543
SFT,V,173_4,Valid,0.028495429094081325
SFT,V,173_6,Valid,-0.05214978724104878
SFT,V,181_1,Valid,0.013818347883356475
SFT,V,181_2,Valid,-0.04615624452327224
SFT,V,181_3,Valid,-0.06612518308650374
SFT,V,181_4,Valid,0.3346796220992007
SFT,V,181_6,Valid,0.35141460941147634
SFT,V,112_1,Test,0.20047270022204522
SFT,V,112_2,Test,-0.02685807372365596
SFT,V,112_3,Test,-0.2786865431145393
SFT,V,116_1,Test,0.0758803367209399
SFT,V,116_2,Test,0.8492327548340111
SFT,V,116_3,Test,-0.24493045776516767
SFT,V,116_4,Test,0.6964935322528513
SFT,V,116_5,Test,-0.05144491793687193
SFT,V,116_6,Test,-0.048723030213641425
SFT,V,123_1,Test,-0.26827631661570395
SFT,V,123_2,Test,-0.06416792259851027
SFT,V,123_3,Test,0.27619470806690116
SFT,V,123_4,Test,-0.010386176368879682
SFT,V,123_5,Test,-0.030802241047621744
SFT,V,127_2,Test,0.00036979164022477896
SFT,V,127_3,Test,0.47052982097168283
SFT,V,127_4,Test,0.3115207589127381
SFT,V,127_5,Test,-0.10326142808319681
SFT,V,127_6,Test,0.03040743210793561
SFT,V,134_1,Test,0.5490404140575758
SFT,V,134_3,Test,0.07415609682245562
SFT,V,145_1,Test,-0.053804131516727326
SFT,V,145_2,Test,-0.07419307561830298
SFT,V,145_3,Test,-0.18808124888984362
SFT,V,145_4,Test,-0.004131561202299914
SFT,V,154_1,Test,-0.038761350319494216
SFT,V,154_4,Test,-0.05635647691904106
SFT,V,154_6,Test,0.02720070331711583
SFT,V,161_1,Test,0.03255118533195437
SFT,V,161_3,Test,-0.008531647130266004
SFT,V,161_4,Test,-0.07745353724585596
SFT,V,165_1,Test,0.7719158551961476
SFT,V,165_2,Test,0.11233096752824132
SFT,V,165_3,Test,-0.03976399053801005
SFT,V,165_4,Test,0.009680942141709207
SFT,V,165_5,Test,-0.016246936725823547
SFT,V,165_6,Test,0.2524410064200318
SFT,V,165_7,Test,0.3800930850448357
SFT,V,168_1,Test,-0.05821533743164967
SFT,AV,111_1,Train,0.5715380288928816
SFT,AV,111_3,Train,-0.05760137664171855
SFT,AV,111_4,Train,-0.043849963792495734
SFT,AV,113_2,Train,0.5261816470251909
SFT,AV,113_3,Train,-0.1300044655064612
SFT,AV,113_4,Train,0.1250507337899535
SFT,AV,113_5,Train,0.6887900006545251
SFT,AV,113_6,Train,-0.09824995175361796
SFT,AV,114_1,Train,0.04607245184067239
SFT,AV,114_4,Train,-0.06368418965335985
SFT,AV,114_5,Train,-0.08467104683285055
SFT,AV,114_6,Train,-0.08614213186349252
SFT,AV,118_1,Train,0.24568940184522442
SFT,AV,118_3,Train,0.14136218639210146
SFT,AV,118_4,Train,-0.0758002952755862
SFT,AV,118_5,Train,-0.1977055779208213
SFT,AV,118_6,Train,-0.06736096957354278
SFT,AV,119_2,Train,-0.2685173877952316
SFT,AV,119_4,Train,-0.0681333979303046
SFT,AV,119_6,Train,-0.13589434340001766
SFT,AV,120_1,Train,0.16989179302329682
SFT,AV,120_2,Train,0.46299334380460744
SFT,AV,120_3,Train,0.02727746299366559
SFT,AV,120_4,Train,-0.01354280155786318
SFT,AV,121_1,Train,0.1750855878716257
SFT,AV,121_3,Train,-0.042136080035075074
SFT,AV,121_5,Train,0.28621830119119884
SFT,AV,121_6,Train,0.11856833982532723
SFT,AV,129_1,Train,0.26929297207764435
SFT,AV,129_2,Train,0.740629064983743
SFT,AV,129_3,Train,0.2622142855350982
SFT,AV,129_4,Train,-0.17779537060648304
SFT,AV,129_5,Train,-0.13854114709480483
SFT,AV,129_6,Train,-0.13090949483393313
SFT,AV,129_7,Train,-0.04574129489651202
SFT,AV,130_1,Train,-0.07657161076487168
SFT,AV,130_2,Train,-0.03948073162217312
SFT,AV,130_4,Train,-0.2455665888331048
SFT,AV,130_6,Train,0.13434150273693077
SFT,AV,135_3,Train,-0.12066278049783258
SFT,AV,141_1,Train,0.42571558759474243
SFT,AV,141_6,Train,0.05523475865627148
SFT,AV,142_1,Train,0.2958355326644546
SFT,AV,142_2,Train,0.31401981248966704
SFT,AV,142_3,Train,-0.12337493014802858
SFT,AV,143_3,Train,-0.36816797600402207
SFT,AV,143_5,Train,-0.12557814183633273
SFT,AV,144_1,Train,-0.0888696051088743
SFT,AV,144_3,Train,-0.16248275196281795
SFT,AV,147_1,Train,-0.0270467450407388
SFT,AV,147_2,Train,0.31065006779877374
SFT,AV,147_3,Train,0.11998177900472674
SFT,AV,147_4,Train,-0.10079659576141053
SFT,AV,147_5,Train,-0.06095870003034856
SFT,AV,151_2,Train,-0.06316666692626031
SFT,AV,151_6,Train,-0.0919710575132434
SFT,AV,153_1,Train,-0.11266778925117585
SFT,AV,153_2,Train,0.08367701205594955
SFT,AV,153_3,Train,-0.06433189887813305
SFT,AV,153_4,Train,-0.09531102504487537
SFT,AV,153_5,Train,-0.15100736305695492
SFT,AV,153_6,Train,-0.03508658452842222
SFT,AV,156_1,Train,0.5325272113820085
SFT,AV,156_2,Train,0.36757101026501304
SFT,AV,156_3,Train,-0.04116220338978817
SFT,AV,156_6,Train,0.23658439370408427
SFT,AV,162_2,Train,0.15236006998204166
SFT,AV,162_3,Train,0.06627454033197169
SFT,AV,162_4,Train,0.11614048284170587
SFT,AV,162_5,Train,0.1390381255545466
SFT,AV,162_6,Train,-0.038165372897224985
SFT,AV,163_1,Train,0.03550624330284867
SFT,AV,163_2,Train,0.7351689777734641
SFT,AV,163_5,Train,0.16150309284476444
SFT,AV,164_3,Train,0.2318932605352449
SFT,AV,164_4,Train,-0.07375160653936112
SFT,AV,164_5,Train,-0.013597373348522235
SFT,AV,167_1,Train,-0.04709718062204298
SFT,AV,167_2,Train,0.1444593460420842
SFT,AV,169_2,Train,-0.1915294689309001
SFT,AV,169_4,Train,-0.26906229678493354
SFT,AV,171_1,Train,-0.07378597042254073
SFT,AV,171_2,Train,0.43056362692714273
SFT,AV,171_3,Train,-0.022842448445697276
SFT,AV,171_4,Train,0.40456335260806403
SFT,AV,171_5,Train,-0.0809513198112322
SFT,AV,171_6,Train,0.274571951876824
SFT,AV,172_1,Train,-0.15524720602054645
SFT,AV,172_2,Train,-0.1340713614176724
SFT,AV,172_3,Train,-0.12513315278526052
SFT,AV,172_4,Train,0.8118003382670946
SFT,AV,172_5,Train,0.41244953797554457
SFT,AV,174_1,Train,0.07297153629699135
SFT,AV,174_2,Train,0.05109153055542131
SFT,AV,174_3,Train,0.017838831541285557
SFT,AV,174_5,Train,-0.06445767541974914
SFT,AV,174_6,Train,0.41979114655444966
SFT,AV,174_7,Train,0.2104376476643112
SFT,AV,178_1,Train,0.3409235060549349
SFT,AV,178_2,Train,-0.09040640590535458
SFT,AV,178_4,Train,0.29210225894387815
SFT,AV,178_5,Train,-0.1328760340398213
SFT,AV,178_6,Train,-0.026829485720838125
SFT,AV,179_1,Train,-0.19349623133411387
SFT,AV,179_3,Train,-0.17728287135692872
SFT,AV,179_4,Train,0.7786278457134287
SFT,AV,179_5,Train,0.5777401978078666
SFT,AV,179_6,Train,0.3110559908184071
SFT,AV,180_1,Train,0.349910801658713
SFT,AV,180_2,Train,0.16709366378339097
SFT,AV,180_3,Train,-0.1366760692594181
SFT,AV,180_4,Train,0.06013204330839559
SFT,AV,180_5,Train,-0.04291985163551939
SFT,AV,180_6,Train,-0.06031423180150398
SFT,AV,115_2,Valid,0.4197805408637646
SFT,AV,115_3,Valid,0.2646510166860945
SFT,AV,115_5,Valid,0.7726762626516673
SFT,AV,115_6,Valid,0.15684488970422145
SFT,AV,117_1,Valid,-0.04169127737058831
SFT,AV,117_2,Valid,-0.0648292789104708
SFT,AV,117_3,Valid,-0.027765605379295837
SFT,AV,117_4,Valid,0.12228527804624359
SFT,AV,117_5,Valid,0.6778954929121863
SFT,AV,117_6,Valid,0.6528526656318225
SFT,AV,124_1,Valid,0.012779264656243843
SFT,AV,124_2,Valid,-0.06706696770862666
SFT,AV,124_3,Valid,0.15586837512464882
SFT,AV,124_6,Valid,0.006805142430840003
SFT,AV,128_2,Valid,0.5874578696261353
SFT,AV,128_5,Valid,-0.02670234751485223
SFT,AV,128_6,Valid,-0.05841629195855984
SFT,AV,131_1,Valid,0.12924041591362112
SFT,AV,131_2,Valid,0.09864570370949602
SFT,AV,131_3,Valid,-0.05830265262434158
SFT,AV,131_5,Valid,-0.13763818162736186
SFT,AV,131_6,Valid,0.18566773173546566
SFT,AV,137_1,Valid,0.6729231339439525
SFT,AV,137_2,Valid,0.7065637944683556
SFT,AV,137_4,Valid,-0.11831404942086887
SFT,AV,137_5,Valid,0.013234144470633482
SFT,AV,137_6,Valid,-0.02391342755150793
SFT,AV,149_3,Valid,0.26194750544877593
SFT,AV,149_6,Valid,-0.015082071602430785
SFT,AV,170_2,Valid,0.38246700382748683
SFT,AV,170_7,Valid,-0.07251907936851455
SFT,AV,173_1,Valid,-0.08587127072856711
SFT,AV,173_3,Valid,-0.1152605529770422
SFT,AV,173_4,Valid,0.36471474515633806
SFT,AV,173_6,Valid,-0.15630737179383186
SFT,AV,181_1,Valid,-0.018104846692881354
SFT,AV,181_2,Valid,0.019376992527991133
SFT,AV,181_3,Valid,0.11322048124988471
SFT,AV,181_4,Valid,0.3363222691400894
SFT,AV,181_6,Valid,-0.018191919876959867
SFT,AV,112_1,Test,0.18323268387864006
SFT,AV,112_2,Test,0.4838873715764381
SFT,AV,112_3,Test,0.13579317101382635
SFT,AV,116_1,Test,-0.5558407940722266
SFT,AV,116_2,Test,0.8104482490747124
SFT,AV,116_3,Test,-0.20258579739852314
SFT,AV,116_4,Test,0.2837550702314325
SFT,AV,116_5,Test,-0.04223690747461374
SFT,AV,116_6,Test,-0.20420454948564565
SFT,AV,123_1,Test,0.0832678579717797
SFT,AV,123_2,Test,-0.19030357460723774
SFT,AV,123_3,Test,0.2602019517804922
SFT,AV,123_4,Test,-0.06939847601650402
SFT,AV,123_5,Test,-0.14982619978232337
SFT,AV,127_2,Test,-0.08569172954964893
SFT,AV,127_3,Test,0.6468347875992811
SFT,AV,127_4,Test,0.5375169805771042
SFT,AV,127_5,Test,-0.09645732225392101
SFT,AV,127_6,Test,-0.11072459754317464
SFT,AV,134_1,Test,0.5648754381636265
SFT,AV,134_3,Test,0.31705571643700925
SFT,AV,145_1,Test,-0.09699625443763464
SFT,AV,145_2,Test,-0.06674113596834225
SFT,AV,145_3,Test,0.0028204244584385326
SFT,AV,145_4,Test,0.598515509048524
SFT,AV,154_1,Test,0.6553596286917944
SFT,AV,154_4,Test,0.3044785294650434
SFT,AV,154_6,Test,0.2474062558758731
SFT,AV,161_1,Test,-0.11595114017044533
SFT,AV,161_3,Test,-0.045580387407106
SFT,AV,161_4,Test,0.5434048677968178
SFT,AV,165_1,Test,0.180071853920631
SFT,AV,165_2,Test,0.39443945492058585
SFT,AV,165_3,Test,-0.08846052037441368
SFT,AV,165_4,Test,-0.20600630191881636
SFT,AV,165_5,Test,-0.20959442537491363
SFT,AV,165_6,Test,0.773359554151571
SFT,AV,165_7,Test,0.8239645628941493
SFT,AV,168_1,Test,-0.06962723965405722
SFT,ALV,111_1,Train,0.7725025927541156
SFT,ALV,111_3,Train,-0.08346010005913487
SFT,ALV,111_4,Train,-0.08821177178923162
SFT,ALV,113_2,Train,0.5810850288952852
SFT,ALV,113_3,Train,-0.11999525337159697
SFT,ALV,113_4,Train,0.08177042896736429
SFT,ALV,113_5,Train,0.5963004399388327
SFT,ALV,113_6,Train,-0.1069025358341365
SFT,ALV,114_1,Train,0.035747138583106075
SFT,ALV,114_4,Train,-0.07543875093707443
SFT,ALV,114_5,Train,-0.11818322424203669
SFT,ALV,114_6,Train,-0.14643774597269985
SFT,ALV,118_1,Train,0.45087581329588744
SFT,ALV,118_3,Train,0.11189590343472397
SFT,ALV,118_4,Train,0.1024627170055991
SFT,ALV,118_5,Train,-0.21575593930461157
SFT,ALV,118_6,Train,-0.1041703430453104
SFT,ALV,119_2,Train,-0.6591422864911444
SFT,ALV,119_4,Train,-0.22263357709102402
SFT,ALV,119_6,Train,-0.2268129315216393
SFT,ALV,120_1,Train,0.02614806171584043
SFT,ALV,120_2,Train,0.4745240803667834
SFT,ALV,120_3,Train,-0.021702495904697236
SFT,ALV,120_4,Train,0.054404483972920324
SFT,ALV,121_1,Train,0.08074642427123534
SFT,ALV,121_3,Train,-0.028513428369243667
SFT,ALV,121_5,Train,0.21692742938928455
SFT,ALV,121_6,Train,0.0575408156938589
SFT,ALV,129_1,Train,0.36819937762338856
SFT,ALV,129_2,Train,0.7712339773914818
SFT,ALV,129_3,Train,0.34339437786354515
SFT,ALV,129_4,Train,-0.14945839647466216
SFT,ALV,129_5,Train,-0.0964317587150652
SFT,ALV,129_6,Train,-0.16175469610681223
SFT,ALV,129_7,Train,-0.029919947790859172
SFT,ALV,130_1,Train,-0.09878570160129746
SFT,ALV,130_2,Train,-0.038824562338930675
SFT,ALV,130_4,Train,-0.32937234282672856
SFT,ALV,130_6,Train,-0.00877921057619535
SFT,ALV,135_3,Train,-0.12402819464341289
SFT,ALV,141_1,Train,0.4099933229373713
SFT,ALV,141_6,Train,0.007014498205469035
SFT,ALV,142_1,Train,0.0027559762302048966
SFT,ALV,142_2,Train,0.06662425236785183
SFT,ALV,142_3,Train,-0.14217853217986823
SFT,ALV,143_3,Train,-0.2563702072955198
SFT,ALV,143_5,Train,-0.10736140000382378
SFT,ALV,144_1,Train,-0.17716575384783084
SFT,ALV,144_3,Train,-0.2944188856749792
SFT,ALV,147_1,Train,-0.0190556426374994
SFT,ALV,147_2,Train,0.04877733883851251
SFT,ALV,147_3,Train,0.3555163511030876
SFT,ALV,147_4,Train,-0.3253291453433099
SFT,ALV,147_5,Train,-0.13279810470270226
SFT,ALV,151_2,Train,-0.05924779378375229
SFT,ALV,151_6,Train,0.16184880243007793
SFT,ALV,153_1,Train,-0.0741069409029048
SFT,ALV,153_2,Train,0.10821786160899338
SFT,ALV,153_3,Train,-0.05236109387029662
SFT,ALV,153_4,Train,-0.04461048928536717
SFT,ALV,153_5,Train,-0.012495406325375465
SFT,ALV,153_6,Train,0.27344526620355886
SFT,ALV,156_1,Train,0.4586263585091242
SFT,ALV,156_2,Train,0.30810398801951766
SFT,ALV,156_3,Train,-0.025952394536034352
SFT,ALV,156_6,Train,0.20292293150119012
SFT,ALV,162_2,Train,0.13354874357417645
SFT,ALV,162_3,Train,0.005206519406671883
SFT,ALV,162_4,Train,0.10133329348789057
SFT,ALV,162_5,Train,-0.035202288490803264
SFT,ALV,162_6,Train,-0.02826850958699377
SFT,ALV,163_1,Train,0.053978691483981434
SFT,ALV,163_2,Train,0.8589647254933473
SFT,ALV,163_5,Train,0.1793230027268581
SFT,ALV,164_3,Train,0.25615950666676185
SFT,ALV,164_4,Train,-0.09545525171302308
SFT,ALV,164_5,Train,-0.011290316903483442
SFT,ALV,167_1,Train,-0.042430893259759475
SFT,ALV,167_2,Train,-0.024296993575985873
SFT,ALV,169_2,Train,0.0009954498211083888
SFT,ALV,169_4,Train,-0.3854866687632851
SFT,ALV,171_1,Train,-0.05477420370948529
SFT,ALV,171_2,Train,0.39869467154316157
SFT,ALV,171_3,Train,-0.027200695604603014
SFT,ALV,171_4,Train,0.23199712345789358
SFT,ALV,171_5,Train,-0.13882852856544942
SFT,ALV,171_6,Train,0.6959637943254963
SFT,ALV,172_1,Train,-0.20118928124566293
SFT,ALV,172_2,Train,-0.3013086497817829
SFT,ALV,172_3,Train,-0.13178284845870927
SFT,ALV,172_4,Train,0.7833373101347717
SFT,ALV,172_5,Train,0.28021924379414204
SFT,ALV,174_1,Train,0.17308043466093384
SFT,ALV,174_2,Train,-0.01018202604527813
SFT,ALV,174_3,Train,0.22392283789616357
SFT,ALV,174_5,Train,-0.018041205298822485
SFT,ALV,174_6,Train,-0.034970840544551546
SFT,ALV,174_7,Train,0.07900118835584195
SFT,ALV,178_1,Train,0.20337187007144403
SFT,ALV,178_2,Train,0.111260314637139
SFT,ALV,178_4,Train,0.11829324779191594
SFT,ALV,178_5,Train,-0.3605679048627809
SFT,ALV,178_6,Train,0.03424064828505359
SFT,ALV,179_1,Train,-0.20353688237273487
SFT,ALV,179_3,Train,-0.23277340484157505
SFT,ALV,179_4,Train,0.8326900848087044
SFT,ALV,179_5,Train,0.6672051008747554
SFT,ALV,179_6,Train,0.2354708759018939
SFT,ALV,180_1,Train,0.602694051895129
SFT,ALV,180_2,Train,0.21181734574834726
SFT,ALV,180_3,Train,-0.23208647270645136
SFT,ALV,180_4,Train,-0.04221134625356753
SFT,ALV,180_5,Train,-0.05644192751353287
SFT,ALV,180_6,Train,-0.057367827678824763
SFT,ALV,115_2,Valid,0.47017896704870493
SFT,ALV,115_3,Valid,-0.048416067307381655
SFT,ALV,115_5,Valid,0.39207168394589664
SFT,ALV,115_6,Valid,0.3463527397809573
SFT,ALV,117_1,Valid,-0.042508908628192385
SFT,ALV,117_2,Valid,-0.06918183234995154
SFT,ALV,117_3,Valid,-0.019339056911803452
SFT,ALV,117_4,Valid,0.09712926144598903
SFT,ALV,117_5,Valid,0.6482764361732014
SFT,ALV,117_6,Valid,0.7056642768183508
SFT,ALV,124_1,Valid,0.04079001653778075
SFT,ALV,124_2,Valid,-0.08687694812970018
SFT,ALV,124_3,Valid,0.1709153208721956
SFT,ALV,124_6,Valid,0.013850956694783506
SFT,ALV,128_2,Valid,0.5809242865584933
SFT,ALV,128_5,Valid,-0.018546492891874353
SFT,ALV,128_6,Valid,-0.061380144592605594
SFT,ALV,131_1,Valid,0.1673214911137728
SFT,ALV,131_2,Valid,-0.01845771893423456
SFT,ALV,131_3,Valid,-0.06242669591159769
SFT,ALV,131_5,Valid,-0.11063634916286573
SFT,ALV,131_6,Valid,0.012090572520806114
SFT,ALV,137_1,Valid,0.5684291151171843
SFT,ALV,137_2,Valid,0.9538750165142941
SFT,ALV,137_4,Valid,-0.11013391143690363
SFT,ALV,137_5,Valid,0.024323718786535845
SFT,ALV,137_6,Valid,-0.026941461860254718
SFT,ALV,149_3,Valid,0.14837819440226518
SFT,ALV,149_6,Valid,-0.017359982947684652
SFT,ALV,170_2,Valid,0.0201653765256325
SFT,ALV,170_7,Valid,-0.09882474758109973
SFT,ALV,173_1,Valid,-0.10171116196050686
SFT,ALV,173_3,Valid,-0.09938709147759807
SFT,ALV,173_4,Valid,0.39985017246089805
SFT,ALV,173_6,Valid,-0.1633408962929856
SFT,ALV,181_1,Valid,0.01949558578914845
SFT,ALV,181_2,Valid,0.11074241351038247
SFT,ALV,181_3,Valid,0.10740164821757107
SFT,ALV,181_4,Valid,-0.01946504821106185
SFT,ALV,181_6,Valid,-0.024622487626822825
SFT,ALV,112_1,Test,0.04447581586463536
SFT,ALV,112_2,Test,0.39340421728254027
SFT,ALV,112_3,Test,0.14574282514183004
SFT,ALV,116_1,Test,-0.5533758685456572
SFT,ALV,116_2,Test,0.8012686841197794
SFT,ALV,116_3,Test,-0.1901458899688085
SFT,ALV,116_4,Test,0.2898626000794625
SFT,ALV,116_5,Test,-0.045098234621942575
SFT,ALV,116_6,Test,-0.18427185646632976
SFT,ALV,123_1,Test,0.2311522435059606
SFT,ALV,123_2,Test,-0.17682106202343725
SFT,ALV,123_3,Test,0.30726660104323555
SFT,ALV,123_4,Test,-0.06843984636642125
SFT,ALV,123_5,Test,-0.14766935712062448
SFT,ALV,127_2,Test,-0.26952759257284203
SFT,ALV,127_3,Test,0.7170926262811641
SFT,ALV,127_4,Test,0.3361857954377414
SFT,ALV,127_5,Test,-0.18639821326503678
SFT,ALV,127_6,Test,-0.18765741618690188
SFT,ALV,134_1,Test,0.582018894805118
SFT,ALV,134_3,Test,0.3667882547479182
SFT,ALV,145_1,Test,-0.08950084558393542
SFT,ALV,145_2,Test,-0.054552280406099184
SFT,ALV,145_3,Test,-0.028702654572252597
SFT,ALV,145_4,Test,0.35970888779593185
SFT,ALV,154_1,Test,0.6372385619926202
SFT,ALV,154_4,Test,0.11051220282032363
SFT,ALV,154_6,Test,0.18195691769331718
SFT,ALV,161_1,Test,-0.14309494311590068
SFT,ALV,161_3,Test,-0.04128524347984733
SFT,ALV,161_4,Test,0.4209267400886679
SFT,ALV,165_1,Test,0.3878230493651988
SFT,ALV,165_2,Test,0.3025345805273653
SFT,ALV,165_3,Test,-0.08179253368810939
SFT,ALV,165_4,Test,-0.15948001468745723
SFT,ALV,165_5,Test,-0.1741418243203472
SFT,ALV,165_6,Test,0.7184793594407378
SFT,ALV,165_7,Test,0.8882067547906167
SFT,ALV,168_1,Test,0.01273796337066676
SFT,LV,111_1,Train,0.9573711607440767
SFT,LV,111_3,Train,0.8029388399807572
SFT,LV,111_4,Train,0.6842534491563513
SFT,LV,113_2,Train,0.9010474069046225
SFT,LV,113_3,Train,0.8799432624160914
SFT,LV,113_4,Train,0.8048705198706013
SFT,LV,113_5,Train,0.8859257382705272
SFT,LV,113_6,Train,0.7341406488990198
SFT,LV,114_1,Train,0.9757828838435867
SFT,LV,114_4,Train,0.708721306818057
SFT,LV,114_5,Train,0.904004836018983
SFT,LV,114_6,Train,0.9757082369365287
SFT,LV,118_1,Train,0.7448668209635677
SFT,LV,118_3,Train,0.8485089271099017
SFT,LV,118_4,Train,0.8542876209134918
SFT,LV,118_5,Train,0.863288725180405
SFT,LV,118_6,Train,0.40125960984335846
SFT,LV,119_2,Train,0.9142663144149871
SFT,LV,119_4,Train,0.026011951741900772
SFT,LV,119_6,Train,0.9853484083770447
SFT,LV,120_1,Train,0.8425670419077382
SFT,LV,120_2,Train,0.855866089915061
SFT,LV,120_3,Train,0.9571345000984441
SFT,LV,120_4,Train,0.697723495402127
SFT,LV,121_1,Train,0.6468934956262473
SFT,LV,121_3,Train,0.8573032592945738
SFT,LV,121_5,Train,0.49924456127202105
SFT,LV,121_6,Train,0.8517773783972701
SFT,LV,129_1,Train,0.38723265956952313
SFT,LV,129_2,Train,0.8586946473093531
SFT,LV,129_3,Train,0.8711418956712454
SFT,LV,129_4,Train,0.8265006428535094
SFT,LV,129_5,Train,0.8938020376574924
SFT,LV,129_6,Train,0.9128890617733301
SFT,LV,129_7,Train,0.8307498634713287
SFT,LV,130_1,Train,0.7582147236272997
SFT,LV,130_2,Train,0.647074568110891
SFT,LV,130_4,Train,0.8982363650009512
SFT,LV,130_6,Train,0.7944568284483361
SFT,LV,135_3,Train,0.8738178729041218
SFT,LV,141_1,Train,0.844135851004226
SFT,LV,141_6,Train,0.8075018330554724
SFT,LV,142_1,Train,0.2131382883588292
SFT,LV,142_2,Train,0.5788736210128239
SFT,LV,142_3,Train,0.9122061287544886
SFT,LV,143_3,Train,0.6600250427287747
SFT,LV,143_5,Train,0.7654607822258548
SFT,LV,144_1,Train,0.8742713810009657
SFT,LV,144_3,Train,0.9238578038174349
SFT,LV,147_1,Train,0.4746169785264548
SFT,LV,147_2,Train,0.9250082973428895
SFT,LV,147_3,Train,0.6627043181563123
SFT,LV,147_4,Train,0.9335508873865217
SFT,LV,147_5,Train,0.8515776285369856
SFT,LV,151_2,Train,0.5568954589542875
SFT,LV,151_6,Train,0.7324301976233863
SFT,LV,153_1,Train,0.6650525784032413
SFT,LV,153_2,Train,0.4858388872310732
SFT,LV,153_3,Train,0.734722890143512
SFT,LV,153_4,Train,0.8716308674836281
SFT,LV,153_5,Train,0.8278413971323001
SFT,LV,153_6,Train,0.7770854951684177
SFT,LV,156_1,Train,0.8504621406167727
SFT,LV,156_2,Train,0.8243722407650304
SFT,LV,156_3,Train,0.8155231400074263
SFT,LV,156_6,Train,0.43686156970577034
SFT,LV,162_2,Train,0.9786974582507323
SFT,LV,162_3,Train,0.9637827201981036
SFT,LV,162_4,Train,0.9634713191777957
SFT,LV,162_5,Train,0.9315632893978466
SFT,LV,162_6,Train,0.919787200291749
SFT,LV,163_1,Train,0.5047316462040072
SFT,LV,163_2,Train,0.9449018145883258
SFT,LV,163_5,Train,0.9381396223580775
SFT,LV,164_3,Train,0.8405912122361933
SFT,LV,164_4,Train,0.2628091302994598
SFT,LV,164_5,Train,0.2779842179318212
SFT,LV,167_1,Train,0.9710654176837727
SFT,LV,167_2,Train,0.8973471762456369
SFT,LV,169_2,Train,0.9224146805480598
SFT,LV,169_4,Train,0.9420952349481228
SFT,LV,171_1,Train,0.369745706623188
SFT,LV,171_2,Train,0.7976604060243158
SFT,LV,171_3,Train,0.46256728664962343
SFT,LV,171_4,Train,0.9849203658002198
SFT,LV,171_5,Train,0.9168477740468007
SFT,LV,171_6,Train,0.8663610738700732
SFT,LV,172_1,Train,0.8553922177597278
SFT,LV,172_2,Train,0.9554903625882086
SFT,LV,172_3,Train,0.960981414499405
SFT,LV,172_4,Train,0.9019254386968861
SFT,LV,172_5,Train,0.7534518402220169
SFT,LV,174_1,Train,0.8792839600419101
SFT,LV,174_2,Train,0.8694673409371191
SFT,LV,174_3,Train,0.9308701585770708
SFT,LV,174_5,Train,0.9275681230692067
SFT,LV,174_6,Train,0.9498972993365296
SFT,LV,174_7,Train,0.9028520113614548
SFT,LV,178_1,Train,0.9286880707026866
SFT,LV,178_2,Train,0.7090593002316945
SFT,LV,178_4,Train,0.9746235222653136
SFT,LV,178_5,Train,0.9315642156693686
SFT,LV,178_6,Train,0.764447185708052
SFT,LV,179_1,Train,0.9729693664243204
SFT,LV,179_3,Train,0.9611668378874428
SFT,LV,179_4,Train,0.9475185620944457
SFT,LV,179_5,Train,0.9225032978848559
SFT,LV,179_6,Train,0.8855265044591347
SFT,LV,180_1,Train,0.7389715582247233
SFT,LV,180_2,Train,0.8926938321857111
SFT,LV,180_3,Train,0.9444074180256019
SFT,LV,180_4,Train,0.8999516325729059
SFT,LV,180_5,Train,0.5308378337079918
SFT,LV,180_6,Train,0.9178022699741066
SFT,LV,115_2,Valid,0.21062797303520464
SFT,LV,115_3,Valid,-0.07178011002551894
SFT,LV,115_5,Valid,0.04803876537471525
SFT,LV,115_6,Valid,0.07064063572793271
SFT,LV,117_1,Valid,0.01136264021604175
SFT,LV,117_2,Valid,0.6222145575447573
SFT,LV,117_3,Valid,0.21297447509379458
SFT,LV,117_4,Valid,0.8193693769488285
SFT,LV,117_5,Valid,0.7353489268447414
SFT,LV,117_6,Valid,0.6620826898458508
SFT,LV,124_1,Valid,0.30500201509213687
SFT,LV,124_2,Valid,0.46782598784507384
SFT,LV,124_3,Valid,0.572854207585865
SFT,LV,124_6,Valid,0.3047901654220848
SFT,LV,128_2,Valid,0.5540583093547203
SFT,LV,128_5,Valid,0.12164883465528055
SFT,LV,128_6,Valid,0.2508631621695221
SFT,LV,131_1,Valid,0.23559350045292266
SFT,LV,131_2,Valid,-0.03867263516892967
SFT,LV,131_3,Valid,0.5267667341640816
SFT,LV,131_5,Valid,0.692522896464198
SFT,LV,131_6,Valid,0.11134395523425168
SFT,LV,137_1,Valid,0.11029836001156654
SFT,LV,137_2,Valid,0.35294823781064993
SFT,LV,137_4,Valid,0.3701068933173819
SFT,LV,137_5,Valid,0.13758080930461192
SFT,LV,137_6,Valid,0.6782538848271213
SFT,LV,149_3,Valid,0.28573596264726137
SFT,LV,149_6,Valid,0.378479731299991
SFT,LV,170_2,Valid,0.049343607495497085
SFT,LV,170_7,Valid,-0.042804528151763416
SFT,LV,173_1,Valid,-0.08402061157762167
SFT,LV,173_3,Valid,0.6659751056061368
SFT,LV,173_4,Valid,0.6632339237463835
SFT,LV,173_6,Valid,-0.07879223334572107
SFT,LV,181_1,Valid,0.37695946329128566
SFT,LV,181_2,Valid,0.49144935405104323
SFT,LV,181_3,Valid,0.2860207041892382
SFT,LV,181_4,Valid,0.7934156028401838
SFT,LV,181_6,Valid,-0.09859753241171222
SFT,LV,112_1,Test,0.44468831264890346
SFT,LV,112_2,Test,0.6633529993517372
SFT,LV,112_3,Test,-0.19028174086911978
SFT,LV,116_1,Test,0.0498221409464451
SFT,LV,116_2,Test,0.9322799054728239
SFT,LV,116_3,Test,-0.019633000653207906
SFT,LV,116_4,Test,0.5606405451065074
SFT,LV,116_5,Test,0.23182270635367022
SFT,LV,116_6,Test,-0.16566932382121022
SFT,LV,123_1,Test,0.2112853834146115
SFT,LV,123_2,Test,0.20358185406482038
SFT,LV,123_3,Test,0.0202253466086783
SFT,LV,123_4,Test,0.07475102482701114
SFT,LV,123_5,Test,0.6228020951117222
SFT,LV,127_2,Test,0.641914039932185
SFT,LV,127_3,Test,0.4505075331768402
SFT,LV,127_4,Test,0.15885695504837044
SFT,LV,127_5,Test,0.2969585049964784
SFT,LV,127_6,Test,0.89254582421153
SFT,LV,134_1,Test,0.011856537610727101
SFT,LV,134_3,Test,-0.12417532228028125
SFT,LV,145_1,Test,0.570014710246078
SFT,LV,145_2,Test,0.6170347875585308
SFT,LV,145_3,Test,0.34187454822749286
SFT,LV,145_4,Test,0.3579123109429935
SFT,LV,154_1,Test,0.4832368317066887
SFT,LV,154_4,Test,0.6671026102805105
SFT,LV,154_6,Test,0.5441403920503604
SFT,LV,161_1,Test,0.06269640901417144
SFT,LV,161_3,Test,0.17134474104081376
SFT,LV,161_4,Test,0.14559589443101767
SFT,LV,165_1,Test,0.33534714317556397
SFT,LV,165_2,Test,0.8300578972699718
SFT,LV,165_3,Test,0.16579828638523703
SFT,LV,165_4,Test,0.7879978031693153
SFT,LV,165_5,Test,-0.0823241063662701
SFT,LV,165_6,Test,0.46663476805164644
SFT,LV,165_7,Test,0.48196952256621717
SFT,LV,168_1,Test,0.6748914664969708
